--BAZA TWORZONA NA PROJEKT NA UCZELNIĘ (DLATEGO W JĘZYKU POLSKIM)--
--TWORZONA W ORACLE SQL DEVELOPER WRAZ Z DATAMODELER--
--WSZYSTKIE KOMENDY, PLIKI, ITP WLACZNIE Z MODELEM TWORZONYM W ORACLE SQL DATAMODELER ZAMIESZCZONE W PLIKU--

--DROP BAZY DANYCH--
DROP SEQUENCE seq_pracownicy;
DROP SEQUENCE seq_towary;
DROP TABLE dzialy CASCADE CONSTRAINTS;
DROP TABLE hale CASCADE CONSTRAINTS;
DROP TABLE "Kategorie towaru";
DROP TABLE "Miejsca na palety" CASCADE CONSTRAINTS;
DROP TABLE palety;
DROP TABLE pracownicy CASCADE CONSTRAINTS;
DROP TABLE regaly CASCADE CONSTRAINTS;
DROP TABLE "Rodzaje pracownikow" CASCADE CONSTRAINTS;
DROP TABLE towary;
DROP TABLE "Wozki paletowe";
DROP TABLE "Wozki widlowe";
DROP TABLE wp_rp;
DROP TABLE ww_rp;

--TWORZENIE BAZY DANYCH--
-- Generated by Oracle SQL Developer Data Modeler 21.2.0.183.1957
--   at:        2025-01-22 20:17:22 CET
--   site:      Oracle Database 11g
--   type:      Oracle Database 11g



-- predefined type, no DDL - MDSYS.SDO_GEOMETRY

-- predefined type, no DDL - XMLTYPE

CREATE SEQUENCE seq_towary START WITH 1 INCREMENT BY 1;
CREATE SEQUENCE seq_pracownicy;START WITH 1 INCREMENT BY 1;

CREATE TABLE dzialy (
    dz_id         INTEGER NOT NULL,
    nazwa         VARCHAR2(50 CHAR) NOT NULL,
    pomieszczenie VARCHAR2(50 CHAR) NOT NULL,
    hale_h_id     INTEGER NOT NULL
);

ALTER TABLE dzialy ADD CONSTRAINT dzialy_pk PRIMARY KEY ( dz_id );

CREATE TABLE hale (
    h_id                        INTEGER NOT NULL,
    numer                       INTEGER NOT NULL,
    powierzchnia_w_metrach_kwad NUMBER(8, 2) NOT NULL
);

ALTER TABLE hale ADD CONSTRAINT hale_pk PRIMARY KEY ( h_id );

CREATE TABLE "Kategorie towaru" (
    kat_id        INTEGER NOT NULL,
    nazwa         VARCHAR2(50 CHAR) NOT NULL,
    czy_ostroznie CHAR(1) NOT NULL
);

ALTER TABLE "Kategorie towaru" ADD CONSTRAINT kategorie_towaru_pk PRIMARY KEY ( kat_id );

CREATE TABLE "Miejsca na palety" (
    mp_id       INTEGER NOT NULL,
    numer       INTEGER NOT NULL,
    rodzaj      VARCHAR2(30 CHAR),
    regaly_r_id INTEGER NOT NULL
);

ALTER TABLE "Miejsca na palety" ADD CONSTRAINT miejsca_na_palety_pk PRIMARY KEY ( mp_id );

CREATE TABLE palety (
    pa_id                   INTEGER NOT NULL,
    numer                   INTEGER NOT NULL,
    własciciel              VARCHAR2(100 CHAR) NOT NULL,
    typ                     VARCHAR2(30 CHAR) NOT NULL,
    miejsca_na_palety_mp_id INTEGER NOT NULL
);

CREATE UNIQUE INDEX palety__idx ON
    palety (
        miejsca_na_palety_mp_id
    ASC );

ALTER TABLE palety ADD CONSTRAINT palety_pk PRIMARY KEY ( pa_id );

CREATE TABLE Pracownicy 
    ( 
     PR_ID             INTEGER  NOT NULL , 
     Wynagrodzenie     NUMBER (10,2)  NOT NULL , 
     Plec              VARCHAR2 (1 CHAR)  NOT NULL , 
     Data_zatrudnienia DATE  NOT NULL , 
     Dzialy_DZ_ID      INTEGER  NOT NULL , 
     Imie              VARCHAR2 (38 CHAR)  NOT NULL , 
     Nazwisko          VARCHAR2 (38 CHAR)  NOT NULL 
    ) 
;

ALTER TABLE pracownicy ADD CONSTRAINT pracownicy_pk PRIMARY KEY ( pr_id );

CREATE TABLE regaly (
    r_id      INTEGER NOT NULL,
    kolumna   INTEGER NOT NULL,
    rząd      CHAR(1 CHAR) NOT NULL,
    hale_h_id INTEGER NOT NULL
);

ALTER TABLE regaly ADD CONSTRAINT regaly_pk PRIMARY KEY ( r_id );

CREATE TABLE "Rodzaje pracownikow" (
    rp_id                  INTEGER NOT NULL,
    nazwa                  VARCHAR2(50 CHAR) NOT NULL,
    czy_uprawnienia_na_ww  CHAR(1) NOT NULL,
    pracownicy_pr_id       INTEGER NOT NULL,
    czy_moze_kozystac_z_wp CHAR(1) NOT NULL
);

CREATE UNIQUE INDEX "Rodzaje pracownikow__IDX" ON
    "Rodzaje pracownikow" (
        pracownicy_pr_id
    ASC );

ALTER TABLE "Rodzaje pracownikow" ADD CONSTRAINT rodzaje_pracownikow_pk PRIMARY KEY ( rp_id );

CREATE TABLE towary (
    t_id                    INTEGER DEFAULT seq_towary.NEXTVAL NOT NULL,
    nazwa                   VARCHAR2(50 CHAR) NOT NULL,
    waga_w_kilogramach      NUMBER(8, 2) NOT NULL,
    data_przyjecia          DATE NOT NULL,
    data_waznosci           DATE,
    palety_pa_id            INTEGER NOT NULL,
    kategorie_towaru_kat_id INTEGER NOT NULL
);

ALTER TABLE towary ADD CONSTRAINT towary_pk PRIMARY KEY ( t_id );

CREATE TABLE "Wozki paletowe" (
    wp_id                 INTEGER NOT NULL,
    maksymalne_obciazenie NUMBER(8, 2) NOT NULL,
    typ                   VARCHAR2(30 CHAR) NOT NULL
);

ALTER TABLE "Wozki paletowe" ADD CONSTRAINT wozki_paletowe_pk PRIMARY KEY ( wp_id );

CREATE TABLE "Wozki widlowe" (
    ww_id                   INTEGER NOT NULL,
    przebieg                NUMBER(8, 2) NOT NULL,
    data_ostat_badania_tech DATE NOT NULL
);

ALTER TABLE "Wozki widlowe" ADD CONSTRAINT wozki_widlowe_pk PRIMARY KEY ( ww_id );

CREATE TABLE wp_rp (
    rodzaje_pracownikow_rp_id INTEGER NOT NULL,
    wozki_paletowe_wp_id      INTEGER NOT NULL
);

ALTER TABLE wp_rp ADD CONSTRAINT wp_rp_pk PRIMARY KEY ( rodzaje_pracownikow_rp_id );

CREATE TABLE ww_rp (
    wozki_widlowe_ww_id       INTEGER NOT NULL,
    rodzaje_pracownikow_rp_id INTEGER NOT NULL
);

ALTER TABLE ww_rp ADD CONSTRAINT ww_rp_pk PRIMARY KEY ( wozki_widlowe_ww_id,
                                                        rodzaje_pracownikow_rp_id );

ALTER TABLE dzialy
    ADD CONSTRAINT dzialy_hale_fk FOREIGN KEY ( hale_h_id )
        REFERENCES hale ( h_id );

ALTER TABLE "Miejsca na palety"
    ADD CONSTRAINT miejsca_na_palety_regaly_fk FOREIGN KEY ( regaly_r_id )
        REFERENCES regaly ( r_id );

ALTER TABLE palety
    ADD CONSTRAINT palety_miejsca_na_palety_fk FOREIGN KEY ( miejsca_na_palety_mp_id )
        REFERENCES "Miejsca na palety" ( mp_id );

ALTER TABLE pracownicy
    ADD CONSTRAINT pracownicy_dzialy_fk FOREIGN KEY ( dzialy_dz_id )
        REFERENCES dzialy ( dz_id );

ALTER TABLE regaly
    ADD CONSTRAINT regaly_hale_fk FOREIGN KEY ( hale_h_id )
        REFERENCES hale ( h_id );

ALTER TABLE "Rodzaje pracownikow"
    ADD CONSTRAINT rodzaje_pracownikow_pk  FOREIGN KEY ( pracownicy_pr_id )
        REFERENCES pracownicy ( pr_id );

ALTER TABLE towary
    ADD CONSTRAINT towary_kategorie_towaru_fk FOREIGN KEY ( kategorie_towaru_kat_id )
        REFERENCES "Kategorie towaru" ( kat_id );

ALTER TABLE towary
    ADD CONSTRAINT towary_palety_fk FOREIGN KEY ( palety_pa_id )
        REFERENCES palety ( pa_id );

ALTER TABLE wp_rp
    ADD CONSTRAINT wp_rp_rodzaje_pracownikow_fk FOREIGN KEY ( rodzaje_pracownikow_rp_id )
        REFERENCES "Rodzaje pracownikow" ( rp_id );

ALTER TABLE wp_rp
    ADD CONSTRAINT wp_rp_wozki_paletowe_fk FOREIGN KEY ( wozki_paletowe_wp_id )
        REFERENCES "Wozki paletowe" ( wp_id );

ALTER TABLE ww_rp
    ADD CONSTRAINT ww_rp_rodzaje_pracownikow_fk FOREIGN KEY ( rodzaje_pracownikow_rp_id )
        REFERENCES "Rodzaje pracownikow" ( rp_id );

ALTER TABLE ww_rp
    ADD CONSTRAINT ww_rp_wozki_widlowe_fk FOREIGN KEY ( wozki_widlowe_ww_id )
        REFERENCES "Wozki widlowe" ( ww_id );



-- Oracle SQL Developer Data Modeler Summary Report: 
-- 
-- CREATE TABLE                            13
-- CREATE INDEX                             2
-- ALTER TABLE                             25
-- CREATE VIEW                              0
-- ALTER VIEW                               0
-- CREATE PACKAGE                           0
-- CREATE PACKAGE BODY                      0
-- CREATE PROCEDURE                         0
-- CREATE FUNCTION                          0
-- CREATE TRIGGER                           0
-- ALTER TRIGGER                            0
-- CREATE COLLECTION TYPE                   0
-- CREATE STRUCTURED TYPE                   0
-- CREATE STRUCTURED TYPE BODY              0
-- CREATE CLUSTER                           0
-- CREATE CONTEXT                           0
-- CREATE DATABASE                          0
-- CREATE DIMENSION                         0
-- CREATE DIRECTORY                         0
-- CREATE DISK GROUP                        0
-- CREATE ROLE                              0
-- CREATE ROLLBACK SEGMENT                  0
-- CREATE SEQUENCE                          0
-- CREATE MATERIALIZED VIEW                 0
-- CREATE MATERIALIZED VIEW LOG             0
-- CREATE SYNONYM                           0
-- CREATE TABLESPACE                        0
-- CREATE USER                              0
-- 
-- DROP TABLESPACE                          0
-- DROP DATABASE                            0
-- 
-- REDACTION POLICY                         0
-- 
-- ORDS DROP SCHEMA                         0
-- ORDS ENABLE SCHEMA                       0
-- ORDS ENABLE OBJECT                       0
-- 
-- ERRORS                                   0
-- WARNINGS                                 0


--WYPEŁNIANIE BAZY DANYCH--
--HALE--
INSERT INTO hale (H_ID, NUMER, POWIERZCHNIA_W_METRACH_KWAD)
VALUES(1,1,500.00);
INSERT INTO hale (H_ID, NUMER, POWIERZCHNIA_W_METRACH_KWAD)
VALUES(2,2,1890.00);
INSERT INTO hale (H_ID, NUMER, POWIERZCHNIA_W_METRACH_KWAD)
VALUES(3,3,5000.00);
INSERT INTO hale (H_ID, NUMER, POWIERZCHNIA_W_METRACH_KWAD)
VALUES(4,4,5000.00);
INSERT INTO hale (H_ID, NUMER, POWIERZCHNIA_W_METRACH_KWAD)
VALUES(5,5,10000.00);
COMMIT;

--DZIALY--
INSERT INTO dzialy (DZ_ID, NAZWA, POMIESZCZENIE, HALE_H_ID)
VALUES (10, 'Biuro', '101', 1);
INSERT INTO DZIALY(DZ_ID, NAZWA, POMIESZCZENIE,HALE_H_ID)
VALUES(11,'Zarząd',103,1);
INSERT INTO dzialy (DZ_ID,NAZWA,POMIESZCZENIE,HALE_H_ID)
VALUES(20,'Logistyka','102',1);
INSERT INTO dzialy (DZ_ID,NAZWA,POMIESZCZENIE,HALE_H_ID)
VALUES(30,'Strefa Kompletacji','1',2);
INSERT INTO dzialy (DZ_ID,NAZWA,POMIESZCZENIE,HALE_H_ID)
VALUES(40,'Magzyn Główny','1',5);
INSERT INTO dzialy (DZ_ID,NAZWA,POMIESZCZENIE,HALE_H_ID)
VALUES(50,'Magazyn Chłodniczy','101',3);
INSERT INTO dzialy (DZ_ID,NAZWA,POMIESZCZENIE,HALE_H_ID)
VALUES(60,'Magazyn Paletowy','101',4);
COMMIT;

--KATEGORIE TOWARU--
INSERT INTO "Kategorie towaru" (KAT_ID, NAZWA, CZY_OSTROZNIE)
VALUES (11, 'Produkty szklane',1);
INSERT INTO "Kategorie towaru" (KAT_ID, NAZWA, CZY_OSTROZNIE)
VALUES (12, 'Meble',0);
INSERT INTO "Kategorie towaru" (KAT_ID, NAZWA, CZY_OSTROZNIE)
VALUES (13, 'Żywność o długim terminie ważności',0);
INSERT INTO "Kategorie towaru" (KAT_ID, NAZWA, CZY_OSTROZNIE)
VALUES (14, 'Produkty elektroniczne',0);
INSERT INTO "Kategorie towaru" (KAT_ID, NAZWA, CZY_OSTROZNIE)
VALUES (15, 'Ceramika',1);
INSERT INTO "Kategorie towaru" (KAT_ID, NAZWA, CZY_OSTROZNIE)
VALUES (16, 'Medykamenty',0);
COMMIT;

--REGALY--
--HALA NR 2--
INSERT INTO REGALY (R_ID, KOLUMNA, RZĄD,HALE_H_ID)
VALUES (1, 1,1 ,2);
INSERT INTO REGALY (R_ID, KOLUMNA, RZĄD,HALE_H_ID)
VALUES (2, 1,2 ,2);
INSERT INTO REGALY (R_ID, KOLUMNA, RZĄD,HALE_H_ID)
VALUES (3, 2,1 ,2);
INSERT INTO REGALY (R_ID, KOLUMNA, RZĄD,HALE_H_ID)
VALUES (4, 2,2 ,2);

--HALA NR 3--
INSERT INTO REGALY (R_ID, KOLUMNA, RZĄD,HALE_H_ID)
VALUES (5, 1,1 ,3);
INSERT INTO REGALY (R_ID, KOLUMNA, RZĄD,HALE_H_ID)
VALUES (6, 1,2 ,3);
INSERT INTO REGALY (R_ID, KOLUMNA, RZĄD,HALE_H_ID)
VALUES (7, 1,3 ,3);
INSERT INTO REGALY (R_ID, KOLUMNA, RZĄD,HALE_H_ID)
VALUES (8, 2,1 ,3);
INSERT INTO REGALY (R_ID, KOLUMNA, RZĄD,HALE_H_ID)
VALUES (9, 2,2 ,3);
INSERT INTO REGALY (R_ID, KOLUMNA, RZĄD,HALE_H_ID)
VALUES (10, 2,3 ,3);
INSERT INTO REGALY (R_ID, KOLUMNA, RZĄD,HALE_H_ID)
VALUES (11, 3,1 ,3);
INSERT INTO REGALY (R_ID, KOLUMNA, RZĄD,HALE_H_ID)
VALUES (12, 3,2 ,3);
INSERT INTO REGALY (R_ID, KOLUMNA, RZĄD,HALE_H_ID)
VALUES (13, 3,3 ,3);

--HALA NR 4--
INSERT INTO REGALY (R_ID, KOLUMNA, RZĄD,HALE_H_ID)
VALUES (14, 1,1 ,4);
INSERT INTO REGALY (R_ID, KOLUMNA, RZĄD,HALE_H_ID)
VALUES (15, 1,2 ,4);
INSERT INTO REGALY (R_ID, KOLUMNA, RZĄD,HALE_H_ID)
VALUES (16, 1,3 ,4);
INSERT INTO REGALY (R_ID, KOLUMNA, RZĄD,HALE_H_ID)
VALUES (17, 2,1 ,4);
INSERT INTO REGALY (R_ID, KOLUMNA, RZĄD,HALE_H_ID)
VALUES (18, 2,2 ,4);
INSERT INTO REGALY (R_ID, KOLUMNA, RZĄD,HALE_H_ID)
VALUES (19, 2,3 ,4);
INSERT INTO REGALY (R_ID, KOLUMNA, RZĄD,HALE_H_ID)
VALUES (20, 3,1 ,4);
INSERT INTO REGALY (R_ID, KOLUMNA, RZĄD,HALE_H_ID)
VALUES (21, 3,2 ,4);
INSERT INTO REGALY (R_ID, KOLUMNA, RZĄD,HALE_H_ID)
VALUES (22, 3,3 ,4);

--HALA NR 5--
INSERT INTO REGALY (R_ID, KOLUMNA, RZĄD,HALE_H_ID)
VALUES (23, 1,1 ,5);
INSERT INTO REGALY (R_ID, KOLUMNA, RZĄD,HALE_H_ID)
VALUES (24, 1,2 ,5);
INSERT INTO REGALY (R_ID, KOLUMNA, RZĄD,HALE_H_ID)
VALUES (25, 1,3 ,5);
INSERT INTO REGALY (R_ID, KOLUMNA, RZĄD,HALE_H_ID)
VALUES (26, 1,4 ,5);
INSERT INTO REGALY (R_ID, KOLUMNA, RZĄD,HALE_H_ID)
VALUES (27, 1,5 ,5);
INSERT INTO REGALY (R_ID, KOLUMNA, RZĄD,HALE_H_ID)
VALUES (28, 2,1 ,5);
INSERT INTO REGALY (R_ID, KOLUMNA, RZĄD,HALE_H_ID)
VALUES (29, 2,2 ,5);
INSERT INTO REGALY (R_ID, KOLUMNA, RZĄD,HALE_H_ID)
VALUES (30, 2,3 ,5);
INSERT INTO REGALY (R_ID, KOLUMNA, RZĄD,HALE_H_ID)
VALUES (31, 2,4 ,5);
INSERT INTO REGALY (R_ID, KOLUMNA, RZĄD,HALE_H_ID)
VALUES (32, 2,5 ,5);
INSERT INTO REGALY (R_ID, KOLUMNA, RZĄD,HALE_H_ID)
VALUES (33, 3,1 ,5);
INSERT INTO REGALY (R_ID, KOLUMNA, RZĄD,HALE_H_ID)
VALUES (34, 3,2 ,5);
INSERT INTO REGALY (R_ID, KOLUMNA, RZĄD,HALE_H_ID)
VALUES (35, 3,3 ,5);
INSERT INTO REGALY (R_ID, KOLUMNA, RZĄD,HALE_H_ID)
VALUES (36, 3,4 ,5);
INSERT INTO REGALY (R_ID, KOLUMNA, RZĄD,HALE_H_ID)
VALUES (37, 3,5 ,5);
INSERT INTO REGALY (R_ID, KOLUMNA, RZĄD,HALE_H_ID)
VALUES (38, 4,1 ,5);
INSERT INTO REGALY (R_ID, KOLUMNA, RZĄD,HALE_H_ID)
VALUES (39, 4,2 ,5);
INSERT INTO REGALY (R_ID, KOLUMNA, RZĄD,HALE_H_ID)
VALUES (40, 4,3 ,5);
INSERT INTO REGALY (R_ID, KOLUMNA, RZĄD,HALE_H_ID)
VALUES (41, 4,4 ,5);
INSERT INTO REGALY (R_ID, KOLUMNA, RZĄD,HALE_H_ID)
VALUES (42, 4,5 ,5);
COMMIT;

--MIEJSCA NA PALETY--
--HALA 2--
INSERT INTO "Miejsca na palety" (MP_ID, NUMER, RODZAJ,REGALY_R_ID)
VALUES (2001, 1,'XXXL',1);
INSERT INTO "Miejsca na palety" (MP_ID, NUMER, RODZAJ,REGALY_R_ID)
VALUES (2002, 2,'XXXL',2);
INSERT INTO "Miejsca na palety" (MP_ID, NUMER, RODZAJ,REGALY_R_ID)
VALUES (2003, 3,'XXXL',3);
INSERT INTO "Miejsca na palety" (MP_ID, NUMER, RODZAJ,REGALY_R_ID)
VALUES (2004, 4,'XXXL',4);
COMMIT;

--HALA 3--
INSERT INTO "Miejsca na palety" (MP_ID, NUMER, RODZAJ,REGALY_R_ID)
VALUES (3001, 1,'S',5);
INSERT INTO "Miejsca na palety" (MP_ID, NUMER, RODZAJ,REGALY_R_ID)
VALUES (3002, 2,'S',5);
INSERT INTO "Miejsca na palety" (MP_ID, NUMER, RODZAJ,REGALY_R_ID)
VALUES (3003, 3,'S',5);
INSERT INTO "Miejsca na palety" (MP_ID, NUMER, RODZAJ,REGALY_R_ID)
VALUES (3004, 4,'S',5);
INSERT INTO "Miejsca na palety" (MP_ID, NUMER, RODZAJ,REGALY_R_ID)
VALUES (3005, 5,'S',5);
INSERT INTO "Miejsca na palety" (MP_ID, NUMER, RODZAJ,REGALY_R_ID)
VALUES (3006, 6,'S',5);

INSERT INTO "Miejsca na palety" (MP_ID, NUMER, RODZAJ,REGALY_R_ID)
VALUES (3007, 1,'S',6);
INSERT INTO "Miejsca na palety" (MP_ID, NUMER, RODZAJ,REGALY_R_ID)
VALUES (3008, 2,'S',6);
INSERT INTO "Miejsca na palety" (MP_ID, NUMER, RODZAJ,REGALY_R_ID)
VALUES (3009, 3,'S',6);
INSERT INTO "Miejsca na palety" (MP_ID, NUMER, RODZAJ,REGALY_R_ID)
VALUES (3010, 4,'S',6);
INSERT INTO "Miejsca na palety" (MP_ID, NUMER, RODZAJ,REGALY_R_ID)
VALUES (3011, 5,'S',6);
INSERT INTO "Miejsca na palety" (MP_ID, NUMER, RODZAJ,REGALY_R_ID)
VALUES (3012, 6,'S',6);

INSERT INTO "Miejsca na palety" (MP_ID, NUMER, RODZAJ,REGALY_R_ID)
VALUES (3013, 1,'S',7);
INSERT INTO "Miejsca na palety" (MP_ID, NUMER, RODZAJ,REGALY_R_ID)
VALUES (3014, 2,'S',7);
INSERT INTO "Miejsca na palety" (MP_ID, NUMER, RODZAJ,REGALY_R_ID)
VALUES (3015, 3,'S',7);
INSERT INTO "Miejsca na palety" (MP_ID, NUMER, RODZAJ,REGALY_R_ID)
VALUES (3016, 4,'S',7);
INSERT INTO "Miejsca na palety" (MP_ID, NUMER, RODZAJ,REGALY_R_ID)
VALUES (3017, 5,'S',7);
INSERT INTO "Miejsca na palety" (MP_ID, NUMER, RODZAJ,REGALY_R_ID)
VALUES (3018, 6,'S',7);

INSERT INTO "Miejsca na palety" (MP_ID, NUMER, RODZAJ,REGALY_R_ID)
VALUES (3019, 1,'M',8);
INSERT INTO "Miejsca na palety" (MP_ID, NUMER, RODZAJ,REGALY_R_ID)
VALUES (3020, 2,'M',8);
INSERT INTO "Miejsca na palety" (MP_ID, NUMER, RODZAJ,REGALY_R_ID)
VALUES (3021, 3,'M',8);
INSERT INTO "Miejsca na palety" (MP_ID, NUMER, RODZAJ,REGALY_R_ID)
VALUES (3022, 4,'M',8);
INSERT INTO "Miejsca na palety" (MP_ID, NUMER, RODZAJ,REGALY_R_ID)
VALUES (3023, 5,'M',8);

INSERT INTO "Miejsca na palety" (MP_ID, NUMER, RODZAJ,REGALY_R_ID)
VALUES (3024, 1,'M',9);
INSERT INTO "Miejsca na palety" (MP_ID, NUMER, RODZAJ,REGALY_R_ID)
VALUES (3025, 2,'M',9);
INSERT INTO "Miejsca na palety" (MP_ID, NUMER, RODZAJ,REGALY_R_ID)
VALUES (3026, 3,'M',9);
INSERT INTO "Miejsca na palety" (MP_ID, NUMER, RODZAJ,REGALY_R_ID)
VALUES (3027, 4,'M',9);
INSERT INTO "Miejsca na palety" (MP_ID, NUMER, RODZAJ,REGALY_R_ID)
VALUES (3028, 5,'M',9);

INSERT INTO "Miejsca na palety" (MP_ID, NUMER, RODZAJ,REGALY_R_ID)
VALUES (3029, 1,'M',10);
INSERT INTO "Miejsca na palety" (MP_ID, NUMER, RODZAJ,REGALY_R_ID)
VALUES (3030, 2,'M',10);
INSERT INTO "Miejsca na palety" (MP_ID, NUMER, RODZAJ,REGALY_R_ID)
VALUES (3031, 3,'M',10);
INSERT INTO "Miejsca na palety" (MP_ID, NUMER, RODZAJ,REGALY_R_ID)
VALUES (3032, 4,'M',10);
INSERT INTO "Miejsca na palety" (MP_ID, NUMER, RODZAJ,REGALY_R_ID)
VALUES (3033, 5,'M',10);

INSERT INTO "Miejsca na palety" (MP_ID, NUMER, RODZAJ,REGALY_R_ID)
VALUES (3034, 1,'L',11);
INSERT INTO "Miejsca na palety" (MP_ID, NUMER, RODZAJ,REGALY_R_ID)
VALUES (3035, 2,'L',11);
INSERT INTO "Miejsca na palety" (MP_ID, NUMER, RODZAJ,REGALY_R_ID)
VALUES (3036, 3,'L',11);
INSERT INTO "Miejsca na palety" (MP_ID, NUMER, RODZAJ,REGALY_R_ID)
VALUES (3037, 4,'L',11);

INSERT INTO "Miejsca na palety" (MP_ID, NUMER, RODZAJ,REGALY_R_ID)
VALUES (3038, 1,'L',12);
INSERT INTO "Miejsca na palety" (MP_ID, NUMER, RODZAJ,REGALY_R_ID)
VALUES (3039, 2,'L',12);
INSERT INTO "Miejsca na palety" (MP_ID, NUMER, RODZAJ,REGALY_R_ID)
VALUES (3040, 3,'L',12);
INSERT INTO "Miejsca na palety" (MP_ID, NUMER, RODZAJ,REGALY_R_ID)
VALUES (3041, 4,'L',12);

INSERT INTO "Miejsca na palety" (MP_ID, NUMER, RODZAJ,REGALY_R_ID)
VALUES (3042, 1,'XL',13);
INSERT INTO "Miejsca na palety" (MP_ID, NUMER, RODZAJ,REGALY_R_ID)
VALUES (3043, 2,'XL',13);
INSERT INTO "Miejsca na palety" (MP_ID, NUMER, RODZAJ,REGALY_R_ID)
VALUES (3044, 3,'XL',13);
COMMIT;

--HALA 4--
INSERT INTO "Miejsca na palety" (MP_ID, NUMER, RODZAJ,REGALY_R_ID)
VALUES (4001, 1,'S',14);
INSERT INTO "Miejsca na palety" (MP_ID, NUMER, RODZAJ,REGALY_R_ID)
VALUES (4002, 2,'S',14);
INSERT INTO "Miejsca na palety" (MP_ID, NUMER, RODZAJ,REGALY_R_ID)
VALUES (4003, 3,'S',14);
INSERT INTO "Miejsca na palety" (MP_ID, NUMER, RODZAJ,REGALY_R_ID)
VALUES (4004, 4,'S',14);
INSERT INTO "Miejsca na palety" (MP_ID, NUMER, RODZAJ,REGALY_R_ID)
VALUES (4005, 5,'S',14);
INSERT INTO "Miejsca na palety" (MP_ID, NUMER, RODZAJ,REGALY_R_ID)
VALUES (4006, 6,'S',14);

INSERT INTO "Miejsca na palety" (MP_ID, NUMER, RODZAJ,REGALY_R_ID)
VALUES (4007, 1,'S',15);
INSERT INTO "Miejsca na palety" (MP_ID, NUMER, RODZAJ,REGALY_R_ID)
VALUES (4008, 2,'S',15);
INSERT INTO "Miejsca na palety" (MP_ID, NUMER, RODZAJ,REGALY_R_ID)
VALUES (4009, 3,'S',15);
INSERT INTO "Miejsca na palety" (MP_ID, NUMER, RODZAJ,REGALY_R_ID)
VALUES (4010, 4,'S',15);
INSERT INTO "Miejsca na palety" (MP_ID, NUMER, RODZAJ,REGALY_R_ID)
VALUES (4011, 5,'S',15);
INSERT INTO "Miejsca na palety" (MP_ID, NUMER, RODZAJ,REGALY_R_ID)
VALUES (4012, 6,'S',15);

INSERT INTO "Miejsca na palety" (MP_ID, NUMER, RODZAJ,REGALY_R_ID)
VALUES (4013, 1,'S',16);
INSERT INTO "Miejsca na palety" (MP_ID, NUMER, RODZAJ,REGALY_R_ID)
VALUES (4014, 2,'S',16);
INSERT INTO "Miejsca na palety" (MP_ID, NUMER, RODZAJ,REGALY_R_ID)
VALUES (4015, 3,'S',16);
INSERT INTO "Miejsca na palety" (MP_ID, NUMER, RODZAJ,REGALY_R_ID)
VALUES (4016, 4,'S',16);
INSERT INTO "Miejsca na palety" (MP_ID, NUMER, RODZAJ,REGALY_R_ID)
VALUES (4017, 5,'S',16);
INSERT INTO "Miejsca na palety" (MP_ID, NUMER, RODZAJ,REGALY_R_ID)
VALUES (4018, 6,'S',16);

INSERT INTO "Miejsca na palety" (MP_ID, NUMER, RODZAJ,REGALY_R_ID)
VALUES (4019, 1,'M',17);
INSERT INTO "Miejsca na palety" (MP_ID, NUMER, RODZAJ,REGALY_R_ID)
VALUES (4020, 2,'M',17);
INSERT INTO "Miejsca na palety" (MP_ID, NUMER, RODZAJ,REGALY_R_ID)
VALUES (4021, 3,'M',17);
INSERT INTO "Miejsca na palety" (MP_ID, NUMER, RODZAJ,REGALY_R_ID)
VALUES (4022, 4,'M',17);
INSERT INTO "Miejsca na palety" (MP_ID, NUMER, RODZAJ,REGALY_R_ID)
VALUES (4023, 5,'M',17);

INSERT INTO "Miejsca na palety" (MP_ID, NUMER, RODZAJ,REGALY_R_ID)
VALUES (4024, 1,'M',18);
INSERT INTO "Miejsca na palety" (MP_ID, NUMER, RODZAJ,REGALY_R_ID)
VALUES (4025, 2,'M',18);
INSERT INTO "Miejsca na palety" (MP_ID, NUMER, RODZAJ,REGALY_R_ID)
VALUES (4026, 3,'M',18);
INSERT INTO "Miejsca na palety" (MP_ID, NUMER, RODZAJ,REGALY_R_ID)
VALUES (4027, 4,'M',18);
INSERT INTO "Miejsca na palety" (MP_ID, NUMER, RODZAJ,REGALY_R_ID)
VALUES (4028, 5,'M',18);

INSERT INTO "Miejsca na palety" (MP_ID, NUMER, RODZAJ,REGALY_R_ID)
VALUES (4029, 1,'M',19);
INSERT INTO "Miejsca na palety" (MP_ID, NUMER, RODZAJ,REGALY_R_ID)
VALUES (4030, 2,'M',19);
INSERT INTO "Miejsca na palety" (MP_ID, NUMER, RODZAJ,REGALY_R_ID)
VALUES (4031, 3,'M',19);
INSERT INTO "Miejsca na palety" (MP_ID, NUMER, RODZAJ,REGALY_R_ID)
VALUES (4032, 4,'M',19);
INSERT INTO "Miejsca na palety" (MP_ID, NUMER, RODZAJ,REGALY_R_ID)
VALUES (4033, 5,'M',19);

INSERT INTO "Miejsca na palety" (MP_ID, NUMER, RODZAJ,REGALY_R_ID)
VALUES (4034, 1,'L',20);
INSERT INTO "Miejsca na palety" (MP_ID, NUMER, RODZAJ,REGALY_R_ID)
VALUES (4035, 2,'L',20);
INSERT INTO "Miejsca na palety" (MP_ID, NUMER, RODZAJ,REGALY_R_ID)
VALUES (4036, 3,'L',20);
INSERT INTO "Miejsca na palety" (MP_ID, NUMER, RODZAJ,REGALY_R_ID)
VALUES (4037, 4,'L',20);

INSERT INTO "Miejsca na palety" (MP_ID, NUMER, RODZAJ,REGALY_R_ID)
VALUES (4038, 1,'L',21);
INSERT INTO "Miejsca na palety" (MP_ID, NUMER, RODZAJ,REGALY_R_ID)
VALUES (4039, 2,'L',21);
INSERT INTO "Miejsca na palety" (MP_ID, NUMER, RODZAJ,REGALY_R_ID)
VALUES (4040, 3,'L',21);
INSERT INTO "Miejsca na palety" (MP_ID, NUMER, RODZAJ,REGALY_R_ID)
VALUES (4041, 4,'L',21);

INSERT INTO "Miejsca na palety" (MP_ID, NUMER, RODZAJ,REGALY_R_ID)
VALUES (4042, 1,'XL',22);
INSERT INTO "Miejsca na palety" (MP_ID, NUMER, RODZAJ,REGALY_R_ID)
VALUES (4043, 2,'XL',22);
INSERT INTO "Miejsca na palety" (MP_ID, NUMER, RODZAJ,REGALY_R_ID)
VALUES (4044, 3,'XL',22);
COMMIT;

--HALA 5--
INSERT INTO "Miejsca na palety" (MP_ID, NUMER, RODZAJ,REGALY_R_ID)
VALUES (5001, 1,'L',23);
INSERT INTO "Miejsca na palety" (MP_ID, NUMER, RODZAJ,REGALY_R_ID)
VALUES (5002, 2,'L',23);
INSERT INTO "Miejsca na palety" (MP_ID, NUMER, RODZAJ,REGALY_R_ID)
VALUES (5003, 3,'L',23);
INSERT INTO "Miejsca na palety" (MP_ID, NUMER, RODZAJ,REGALY_R_ID)
VALUES (5004, 4,'L',23);

INSERT INTO "Miejsca na palety" (MP_ID, NUMER, RODZAJ,REGALY_R_ID)
VALUES (5005, 1,'L',24);
INSERT INTO "Miejsca na palety" (MP_ID, NUMER, RODZAJ,REGALY_R_ID)
VALUES (5006, 2,'L',24);
INSERT INTO "Miejsca na palety" (MP_ID, NUMER, RODZAJ,REGALY_R_ID)
VALUES (5007, 3,'L',24);
INSERT INTO "Miejsca na palety" (MP_ID, NUMER, RODZAJ,REGALY_R_ID)
VALUES (5008, 4,'L',24);

INSERT INTO "Miejsca na palety" (MP_ID, NUMER, RODZAJ,REGALY_R_ID)
VALUES (5009, 1,'L',25);
INSERT INTO "Miejsca na palety" (MP_ID, NUMER, RODZAJ,REGALY_R_ID)
VALUES (5010, 2,'L',25);
INSERT INTO "Miejsca na palety" (MP_ID, NUMER, RODZAJ,REGALY_R_ID)
VALUES (5011, 3,'L',25);
INSERT INTO "Miejsca na palety" (MP_ID, NUMER, RODZAJ,REGALY_R_ID)
VALUES (5012, 4,'L',25);

INSERT INTO "Miejsca na palety" (MP_ID, NUMER, RODZAJ,REGALY_R_ID)
VALUES (5013, 1,'L',26);
INSERT INTO "Miejsca na palety" (MP_ID, NUMER, RODZAJ,REGALY_R_ID)
VALUES (5014, 2,'L',26);
INSERT INTO "Miejsca na palety" (MP_ID, NUMER, RODZAJ,REGALY_R_ID)
VALUES (5015, 3,'L',26);
INSERT INTO "Miejsca na palety" (MP_ID, NUMER, RODZAJ,REGALY_R_ID)
VALUES (5016, 4,'L',26);

INSERT INTO "Miejsca na palety" (MP_ID, NUMER, RODZAJ,REGALY_R_ID)
VALUES (5017, 1,'L',27);
INSERT INTO "Miejsca na palety" (MP_ID, NUMER, RODZAJ,REGALY_R_ID)
VALUES (5018, 2,'L',27);
INSERT INTO "Miejsca na palety" (MP_ID, NUMER, RODZAJ,REGALY_R_ID)
VALUES (5019, 3,'L',27);
INSERT INTO "Miejsca na palety" (MP_ID, NUMER, RODZAJ,REGALY_R_ID)
VALUES (5020, 4,'L',27);

INSERT INTO "Miejsca na palety" (MP_ID, NUMER, RODZAJ,REGALY_R_ID)
VALUES (5021, 1,'L',28);
INSERT INTO "Miejsca na palety" (MP_ID, NUMER, RODZAJ,REGALY_R_ID)
VALUES (5022, 2,'L',28);
INSERT INTO "Miejsca na palety" (MP_ID, NUMER, RODZAJ,REGALY_R_ID)
VALUES (5023, 3,'L',28);
INSERT INTO "Miejsca na palety" (MP_ID, NUMER, RODZAJ,REGALY_R_ID)
VALUES (5024, 4,'L',28);

INSERT INTO "Miejsca na palety" (MP_ID, NUMER, RODZAJ,REGALY_R_ID)
VALUES (5025, 1,'L',29);
INSERT INTO "Miejsca na palety" (MP_ID, NUMER, RODZAJ,REGALY_R_ID)
VALUES (5026, 2,'L',29);
INSERT INTO "Miejsca na palety" (MP_ID, NUMER, RODZAJ,REGALY_R_ID)
VALUES (5027, 3,'L',29);
INSERT INTO "Miejsca na palety" (MP_ID, NUMER, RODZAJ,REGALY_R_ID)
VALUES (5028, 4,'L',29);

INSERT INTO "Miejsca na palety" (MP_ID, NUMER, RODZAJ,REGALY_R_ID)
VALUES (5029, 1,'L',30);
INSERT INTO "Miejsca na palety" (MP_ID, NUMER, RODZAJ,REGALY_R_ID)
VALUES (5030, 2,'L',30);
INSERT INTO "Miejsca na palety" (MP_ID, NUMER, RODZAJ,REGALY_R_ID)
VALUES (5031, 3,'L',30);
INSERT INTO "Miejsca na palety" (MP_ID, NUMER, RODZAJ,REGALY_R_ID)
VALUES (5032, 4,'L',30);

INSERT INTO "Miejsca na palety" (MP_ID, NUMER, RODZAJ,REGALY_R_ID)
VALUES (5033, 1,'XL',31);
INSERT INTO "Miejsca na palety" (MP_ID, NUMER, RODZAJ,REGALY_R_ID)
VALUES (5034, 2,'XL',31);
INSERT INTO "Miejsca na palety" (MP_ID, NUMER, RODZAJ,REGALY_R_ID)
VALUES (5035, 3,'XL',31);

INSERT INTO "Miejsca na palety" (MP_ID, NUMER, RODZAJ,REGALY_R_ID)
VALUES (5036, 1,'XL',32);
INSERT INTO "Miejsca na palety" (MP_ID, NUMER, RODZAJ,REGALY_R_ID)
VALUES (5037, 2,'XL',32);
INSERT INTO "Miejsca na palety" (MP_ID, NUMER, RODZAJ,REGALY_R_ID)
VALUES (5038, 3,'XL',32);

INSERT INTO "Miejsca na palety" (MP_ID, NUMER, RODZAJ,REGALY_R_ID)
VALUES (5039, 1,'XL',33);
INSERT INTO "Miejsca na palety" (MP_ID, NUMER, RODZAJ,REGALY_R_ID)
VALUES (5040, 2,'XL',33);
INSERT INTO "Miejsca na palety" (MP_ID, NUMER, RODZAJ,REGALY_R_ID)
VALUES (5041, 3,'XL',33);

INSERT INTO "Miejsca na palety" (MP_ID, NUMER, RODZAJ,REGALY_R_ID)
VALUES (5042, 1,'XL',34);
INSERT INTO "Miejsca na palety" (MP_ID, NUMER, RODZAJ,REGALY_R_ID)
VALUES (5043, 2,'XL',34);
INSERT INTO "Miejsca na palety" (MP_ID, NUMER, RODZAJ,REGALY_R_ID)
VALUES (5044, 3,'XL',34);

INSERT INTO "Miejsca na palety" (MP_ID, NUMER, RODZAJ,REGALY_R_ID)
VALUES (5045, 1,'XL',35);
INSERT INTO "Miejsca na palety" (MP_ID, NUMER, RODZAJ,REGALY_R_ID)
VALUES (5046, 2,'XL',35);
INSERT INTO "Miejsca na palety" (MP_ID, NUMER, RODZAJ,REGALY_R_ID)
VALUES (5047, 3,'XL',35);

INSERT INTO "Miejsca na palety" (MP_ID, NUMER, RODZAJ,REGALY_R_ID)
VALUES (5048, 1,'XL',36);
INSERT INTO "Miejsca na palety" (MP_ID, NUMER, RODZAJ,REGALY_R_ID)
VALUES (5049, 2,'XL',36);
INSERT INTO "Miejsca na palety" (MP_ID, NUMER, RODZAJ,REGALY_R_ID)
VALUES (5050, 3,'XL',36);

INSERT INTO "Miejsca na palety" (MP_ID, NUMER, RODZAJ,REGALY_R_ID)
VALUES (5051, 1,'XXL',37);
INSERT INTO "Miejsca na palety" (MP_ID, NUMER, RODZAJ,REGALY_R_ID)
VALUES (5052, 2,'XXL',37);

INSERT INTO "Miejsca na palety" (MP_ID, NUMER, RODZAJ,REGALY_R_ID)
VALUES (5053, 1,'XXL',38);
INSERT INTO "Miejsca na palety" (MP_ID, NUMER, RODZAJ,REGALY_R_ID)
VALUES (5054, 2,'XXL',38);

INSERT INTO "Miejsca na palety" (MP_ID, NUMER, RODZAJ,REGALY_R_ID)
VALUES (5055, 1,'XXL',39);
INSERT INTO "Miejsca na palety" (MP_ID, NUMER, RODZAJ,REGALY_R_ID)
VALUES (5056, 2,'XXL',39);

INSERT INTO "Miejsca na palety" (MP_ID, NUMER, RODZAJ,REGALY_R_ID)
VALUES (5057, 1,'XXL',40);
INSERT INTO "Miejsca na palety" (MP_ID, NUMER, RODZAJ,REGALY_R_ID)
VALUES (5058, 2,'XXL',40);

INSERT INTO "Miejsca na palety" (MP_ID, NUMER, RODZAJ,REGALY_R_ID)
VALUES (5059, 1,'XXXL',41);
INSERT INTO "Miejsca na palety" (MP_ID, NUMER, RODZAJ,REGALY_R_ID)
VALUES (5060, 1,'XXXL',42);
COMMIT;

--PALETY--
INSERT INTO PALETY (PA_ID, NUMER, WŁASCICIEL,TYP,MIEJSCA_NA_PALETY_MP_ID)
VALUES (201, 1,'JanuszeX','M',4019);
INSERT INTO PALETY (PA_ID, NUMER, WŁASCICIEL,TYP,MIEJSCA_NA_PALETY_MP_ID)
VALUES (202, 2,'JanuszeX','M',3019);
INSERT INTO PALETY (PA_ID, NUMER, WŁASCICIEL,TYP,MIEJSCA_NA_PALETY_MP_ID)
VALUES (203, 3,'JanuszeX','M',3020);
INSERT INTO PALETY (PA_ID, NUMER, WŁASCICIEL,TYP,MIEJSCA_NA_PALETY_MP_ID)
VALUES (204, 4,'AdamTronic','L',4034);
INSERT INTO PALETY (PA_ID, NUMER, WŁASCICIEL,TYP,MIEJSCA_NA_PALETY_MP_ID)
VALUES (205, 5,'PyrGlas','XL',4042);
INSERT INTO PALETY (PA_ID, NUMER, WŁASCICIEL,TYP,MIEJSCA_NA_PALETY_MP_ID)
VALUES (206, 1,'PyrGlas','L',4035);
INSERT INTO PALETY (PA_ID, NUMER, WŁASCICIEL,TYP,MIEJSCA_NA_PALETY_MP_ID)
VALUES (207, 2,'Ceramix','XXL',5051);
COMMIT;

--PRACOWNICY !sekwencer TODO--
INSERT INTO PRACOWNICY(PR_ID, WYNAGRODZENIE, PLEC,DATA_ZATRUDNIENIA,DZIALY_DZ_ID,IMIE,NAZWISKO)
VALUES(seq_pracownicy.NEXTVAL,15000.00,'M','2022-12-09',11,'Jan','Kowalski');
INSERT INTO PRACOWNICY(PR_ID, WYNAGRODZENIE, PLEC,DATA_ZATRUDNIENIA,DZIALY_DZ_ID,IMIE,NAZWISKO)
VALUES(seq_pracownicy.NEXTVAL,5000.00,'K','2022-12-09',10,'Aneta','Jarzyna');
INSERT INTO PRACOWNICY(PR_ID, WYNAGRODZENIE, PLEC,DATA_ZATRUDNIENIA,DZIALY_DZ_ID,IMIE,NAZWISKO)
VALUES(seq_pracownicy.NEXTVAL,5000.00,'K','2022-12-09',10,'Jowita','Barniak');
INSERT INTO PRACOWNICY(PR_ID, WYNAGRODZENIE, PLEC,DATA_ZATRUDNIENIA,DZIALY_DZ_ID,IMIE,NAZWISKO)
VALUES(seq_pracownicy.NEXTVAL,5000.00,'K','2022-12-09',10,'Joanna','Witnik');
INSERT INTO PRACOWNICY(PR_ID, WYNAGRODZENIE, PLEC,DATA_ZATRUDNIENIA,DZIALY_DZ_ID,IMIE,NAZWISKO)
VALUES(seq_pracownicy.NEXTVAL,6500.00,'M','2022-12-09',20,'Adam','Smaszer');
INSERT INTO PRACOWNICY(PR_ID, WYNAGRODZENIE, PLEC,DATA_ZATRUDNIENIA,DZIALY_DZ_ID,IMIE,NAZWISKO)
VALUES(seq_pracownicy.NEXTVAL,4800.00,'M','2022-12-09',30,'Grzegorz','Brzęczyszczykiewicz');
INSERT INTO PRACOWNICY(PR_ID, WYNAGRODZENIE, PLEC,DATA_ZATRUDNIENIA,DZIALY_DZ_ID,IMIE,NAZWISKO)
VALUES(seq_pracownicy.NEXTVAL,4800.00,'M','2022-12-09',30,'Filip','Kobiełucha');
INSERT INTO PRACOWNICY(PR_ID, WYNAGRODZENIE, PLEC,DATA_ZATRUDNIENIA,DZIALY_DZ_ID,IMIE,NAZWISKO)
VALUES(seq_pracownicy.NEXTVAL,4800.00,'M','2022-12-09',40,'Janusz','Skręcki');
INSERT INTO PRACOWNICY(PR_ID, WYNAGRODZENIE, PLEC,DATA_ZATRUDNIENIA,DZIALY_DZ_ID,IMIE,NAZWISKO)
VALUES(seq_pracownicy.NEXTVAL,4800.00,'M','2022-12-09',40,'Wojciech','Barniewski');
INSERT INTO PRACOWNICY(PR_ID, WYNAGRODZENIE, PLEC,DATA_ZATRUDNIENIA,DZIALY_DZ_ID,IMIE,NAZWISKO)
VALUES(seq_pracownicy.NEXTVAL,4800.00,'M','2022-12-09',40,'Grzegorz','Sobiewski');
INSERT INTO PRACOWNICY(PR_ID, WYNAGRODZENIE, PLEC,DATA_ZATRUDNIENIA,DZIALY_DZ_ID,IMIE,NAZWISKO)
VALUES(seq_pracownicy.NEXTVAL,4800.00,'M','2022-12-09',40,'Joachim','Janiewski');
INSERT INTO PRACOWNICY(PR_ID, WYNAGRODZENIE, PLEC,DATA_ZATRUDNIENIA,DZIALY_DZ_ID,IMIE,NAZWISKO)
VALUES(seq_pracownicy.NEXTVAL,4800.00,'M','2022-12-09',50,'Witold','Brodzicki');
INSERT INTO PRACOWNICY(PR_ID, WYNAGRODZENIE, PLEC,DATA_ZATRUDNIENIA,DZIALY_DZ_ID,IMIE,NAZWISKO)
VALUES(seq_pracownicy.NEXTVAL,4800.00,'M','2022-12-09',50,'Oskar','Jarzecki');
INSERT INTO PRACOWNICY(PR_ID, WYNAGRODZENIE, PLEC,DATA_ZATRUDNIENIA,DZIALY_DZ_ID,IMIE,NAZWISKO)
VALUES(seq_pracownicy.NEXTVAL,4800.00,'M','2022-12-09',50,'Zygfryd','Zaborski');
INSERT INTO PRACOWNICY(PR_ID, WYNAGRODZENIE, PLEC,DATA_ZATRUDNIENIA,DZIALY_DZ_ID,IMIE,NAZWISKO)
VALUES(seq_pracownicy.NEXTVAL,4800.00,'M','2022-12-09',60,'Zenon','Ziębicki');
INSERT INTO PRACOWNICY(PR_ID, WYNAGRODZENIE, PLEC,DATA_ZATRUDNIENIA,DZIALY_DZ_ID,IMIE,NAZWISKO)
VALUES(seq_pracownicy.NEXTVAL,4800.00,'M','2022-12-09',60,'Mateusz','Rębicki');
INSERT INTO PRACOWNICY(PR_ID, WYNAGRODZENIE, PLEC,DATA_ZATRUDNIENIA,DZIALY_DZ_ID,IMIE,NAZWISKO)
VALUES(seq_pracownicy.NEXTVAL,4800.00,'M','2022-12-09',60,'Aleksadner','Kwaśnicki');
COMMIT;

--RODZAJE PRACOWNIKOW--
INSERT INTO "Rodzaje pracownikow" (RP_ID, NAZWA, CZY_UPRAWNIENIA_NA_WW, PRACOWNICY_PR_ID, CZY_MOZE_KOZYSTAC_Z_WP)
VALUES (1,'Szef',1,1,1);
INSERT INTO "Rodzaje pracownikow" (RP_ID, NAZWA, CZY_UPRAWNIENIA_NA_WW, PRACOWNICY_PR_ID, CZY_MOZE_KOZYSTAC_Z_WP)
VALUES (2,'Pracownik księgowości',0,2,0);
INSERT INTO "Rodzaje pracownikow" (RP_ID, NAZWA, CZY_UPRAWNIENIA_NA_WW, PRACOWNICY_PR_ID, CZY_MOZE_KOZYSTAC_Z_WP)
VALUES (3,'Pracownik księgowości',0,3,0);
INSERT INTO "Rodzaje pracownikow" (RP_ID, NAZWA, CZY_UPRAWNIENIA_NA_WW, PRACOWNICY_PR_ID, CZY_MOZE_KOZYSTAC_Z_WP)
VALUES (4,'Pracownik księgowości',0,4,0);
INSERT INTO "Rodzaje pracownikow" (RP_ID, NAZWA, CZY_UPRAWNIENIA_NA_WW, PRACOWNICY_PR_ID, CZY_MOZE_KOZYSTAC_Z_WP)
VALUES (5,'Pracownik logistyki',1,5,1);
INSERT INTO "Rodzaje pracownikow" (RP_ID, NAZWA, CZY_UPRAWNIENIA_NA_WW, PRACOWNICY_PR_ID, CZY_MOZE_KOZYSTAC_Z_WP)
VALUES (6,'Magazynier',1,6,1);
INSERT INTO "Rodzaje pracownikow" (RP_ID, NAZWA, CZY_UPRAWNIENIA_NA_WW, PRACOWNICY_PR_ID, CZY_MOZE_KOZYSTAC_Z_WP)
VALUES (7,'Magazynier',0,7,1);
INSERT INTO "Rodzaje pracownikow" (RP_ID, NAZWA, CZY_UPRAWNIENIA_NA_WW, PRACOWNICY_PR_ID, CZY_MOZE_KOZYSTAC_Z_WP)
VALUES (8,'Magazynier',1,8,1);
INSERT INTO "Rodzaje pracownikow" (RP_ID, NAZWA, CZY_UPRAWNIENIA_NA_WW, PRACOWNICY_PR_ID, CZY_MOZE_KOZYSTAC_Z_WP)
VALUES (9,'Magazynier',1,9,1);
INSERT INTO "Rodzaje pracownikow" (RP_ID, NAZWA, CZY_UPRAWNIENIA_NA_WW, PRACOWNICY_PR_ID, CZY_MOZE_KOZYSTAC_Z_WP)
VALUES (10,'Magazynier',0,10,1);
INSERT INTO "Rodzaje pracownikow" (RP_ID, NAZWA, CZY_UPRAWNIENIA_NA_WW, PRACOWNICY_PR_ID, CZY_MOZE_KOZYSTAC_Z_WP)
VALUES (11,'Magazynier',1,11,1);
INSERT INTO "Rodzaje pracownikow" (RP_ID, NAZWA, CZY_UPRAWNIENIA_NA_WW, PRACOWNICY_PR_ID, CZY_MOZE_KOZYSTAC_Z_WP)
VALUES (12,'Magazynier',0,12,1);
INSERT INTO "Rodzaje pracownikow" (RP_ID, NAZWA, CZY_UPRAWNIENIA_NA_WW, PRACOWNICY_PR_ID, CZY_MOZE_KOZYSTAC_Z_WP)
VALUES (13,'Magazynier',1,13,1);
INSERT INTO "Rodzaje pracownikow" (RP_ID, NAZWA, CZY_UPRAWNIENIA_NA_WW, PRACOWNICY_PR_ID, CZY_MOZE_KOZYSTAC_Z_WP)
VALUES (14,'Magazynier',0,14,1);
INSERT INTO "Rodzaje pracownikow" (RP_ID, NAZWA, CZY_UPRAWNIENIA_NA_WW, PRACOWNICY_PR_ID, CZY_MOZE_KOZYSTAC_Z_WP)
VALUES (15,'Magazynier',1,15,1);
INSERT INTO "Rodzaje pracownikow" (RP_ID, NAZWA, CZY_UPRAWNIENIA_NA_WW, PRACOWNICY_PR_ID, CZY_MOZE_KOZYSTAC_Z_WP)
VALUES (16,'Magazynier',0,16,1);
INSERT INTO "Rodzaje pracownikow" (RP_ID, NAZWA, CZY_UPRAWNIENIA_NA_WW, PRACOWNICY_PR_ID, CZY_MOZE_KOZYSTAC_Z_WP)
VALUES (17,'Magazynier',1,17,1);
COMMIT;

--TOWARY !sekwencer--
INSERT INTO TOWARY(T_ID, NAZWA, WAGA_W_KILOGRAMACH,DATA_PRZYJECIA,DATA_WAZNOSCI,PALETY_PA_ID,KATEGORIE_TOWARU_KAT_ID)
VALUES(seq_towary.NEXTVAL,'Figurki papieża',213.70,'2022-12-09',NULL,201,15);
INSERT INTO TOWARY(T_ID, NAZWA, WAGA_W_KILOGRAMACH,DATA_PRZYJECIA,DATA_WAZNOSCI,PALETY_PA_ID,KATEGORIE_TOWARU_KAT_ID)
VALUES(seq_towary.NEXTVAL,'Leki na hemoroidy',200.00,'2024-11-09','2026-01-01',202,16);
INSERT INTO TOWARY(T_ID, NAZWA, WAGA_W_KILOGRAMACH,DATA_PRZYJECIA,DATA_WAZNOSCI,PALETY_PA_ID,KATEGORIE_TOWARU_KAT_ID)
VALUES(seq_towary.NEXTVAL,'Medyczna marihuana',300.00,'2024-12-01','2028-01-01',203,16);
INSERT INTO TOWARY(T_ID, NAZWA, WAGA_W_KILOGRAMACH,DATA_PRZYJECIA,DATA_WAZNOSCI,PALETY_PA_ID,KATEGORIE_TOWARU_KAT_ID)
VALUES(seq_towary.NEXTVAL,'Procesory',400.00,'2023-07-09',NULL,204,14);
INSERT INTO TOWARY(T_ID, NAZWA, WAGA_W_KILOGRAMACH,DATA_PRZYJECIA,DATA_WAZNOSCI,PALETY_PA_ID,KATEGORIE_TOWARU_KAT_ID)
VALUES(seq_towary.NEXTVAL,'Szyby',700.00,'2023-12-08',NULL,205,11);
INSERT INTO TOWARY(T_ID, NAZWA, WAGA_W_KILOGRAMACH,DATA_PRZYJECIA,DATA_WAZNOSCI,PALETY_PA_ID,KATEGORIE_TOWARU_KAT_ID)
VALUES(seq_towary.NEXTVAL,'Lustra',500.00,'2023-12-09',NULL,206,11);
INSERT INTO TOWARY(T_ID, NAZWA, WAGA_W_KILOGRAMACH,DATA_PRZYJECIA,DATA_WAZNOSCI,PALETY_PA_ID,KATEGORIE_TOWARU_KAT_ID)
VALUES(seq_towary.NEXTVAL,'Filiżanki',300.00,'2024-12-06',NULL,207,15);
COMMIT;

--WOZKI WIDLOWE--
INSERT INTO "Wozki widlowe" (WW_ID, PRZEBIEG, DATA_OSTAT_BADANIA_TECH)
VALUES (1,112,367.00,'2012-01-14');
INSERT INTO "Wozki widlowe" (WW_ID, PRZEBIEG, DATA_OSTAT_BADANIA_TECH)
VALUES (2,1233.00,'2024-01-14');
INSERT INTO "Wozki widlowe" (WW_ID, PRZEBIEG, DATA_OSTAT_BADANIA_TECH)
VALUES (3,2235.00,'2023-01-16');
INSERT INTO "Wozki widlowe" (WW_ID, PRZEBIEG, DATA_OSTAT_BADANIA_TECH)
VALUES (4,900.00,'2025-01-21');
INSERT INTO "Wozki widlowe" (WW_ID, PRZEBIEG, DATA_OSTAT_BADANIA_TECH)
VALUES (5,870.00,'2025-01-19');
COMMIT;

--WOZKI PALETOWE--
INSERT INTO "Wozki paletowe" (WP_ID, MAKSYMALNE_OBCIAZENIE, TYP)
VALUES (171,550.00,'Zwykły');
INSERT INTO "Wozki paletowe" (WP_ID, MAKSYMALNE_OBCIAZENIE, TYP)
VALUES (172,550.00,'Zwykły');
INSERT INTO "Wozki paletowe" (WP_ID, MAKSYMALNE_OBCIAZENIE, TYP)
VALUES (173,550.00,'Zwykły');
INSERT INTO "Wozki paletowe" (WP_ID, MAKSYMALNE_OBCIAZENIE, TYP)
VALUES (174,800.00,'Automatyczny');
INSERT INTO "Wozki paletowe" (WP_ID, MAKSYMALNE_OBCIAZENIE, TYP)
VALUES (175,800.00,'Automatyczny');
COMMIT;

--WP_RP--
INSERT INTO WP_RP (WOZKI_PALETOWE_WP_ID, RODZAJE_PRACOWNIKOW_RP_ID) VALUES (171, 5);
INSERT INTO WP_RP (WOZKI_PALETOWE_WP_ID, RODZAJE_PRACOWNIKOW_RP_ID) VALUES (172, 6);
INSERT INTO WP_RP (WOZKI_PALETOWE_WP_ID, RODZAJE_PRACOWNIKOW_RP_ID) VALUES (173, 7);
INSERT INTO WP_RP (WOZKI_PALETOWE_WP_ID, RODZAJE_PRACOWNIKOW_RP_ID) VALUES (174, 8);
INSERT INTO WP_RP (WOZKI_PALETOWE_WP_ID, RODZAJE_PRACOWNIKOW_RP_ID) VALUES (175, 9);
INSERT INTO WP_RP (WOZKI_PALETOWE_WP_ID, RODZAJE_PRACOWNIKOW_RP_ID) VALUES (171, 10);
INSERT INTO WP_RP (WOZKI_PALETOWE_WP_ID, RODZAJE_PRACOWNIKOW_RP_ID) VALUES (172, 11);
INSERT INTO WP_RP (WOZKI_PALETOWE_WP_ID, RODZAJE_PRACOWNIKOW_RP_ID) VALUES (173, 12);
INSERT INTO WP_RP (WOZKI_PALETOWE_WP_ID, RODZAJE_PRACOWNIKOW_RP_ID) VALUES (174, 13);
INSERT INTO WP_RP (WOZKI_PALETOWE_WP_ID, RODZAJE_PRACOWNIKOW_RP_ID) VALUES (175, 14);
COMMIT;

--WW_RP--
INSERT INTO WW_RP (WOZKI_WIDLOWE_WW_ID, RODZAJE_PRACOWNIKOW_RP_ID) VALUES (1, 5);
INSERT INTO WW_RP (WOZKI_WIDLOWE_WW_ID, RODZAJE_PRACOWNIKOW_RP_ID) VALUES (2, 6);
INSERT INTO WW_RP (WOZKI_WIDLOWE_WW_ID, RODZAJE_PRACOWNIKOW_RP_ID) VALUES (3, 8);
INSERT INTO WW_RP (WOZKI_WIDLOWE_WW_ID, RODZAJE_PRACOWNIKOW_RP_ID) VALUES (4, 9);
INSERT INTO WW_RP (WOZKI_WIDLOWE_WW_ID, RODZAJE_PRACOWNIKOW_RP_ID) VALUES (5, 11);
INSERT INTO WW_RP (WOZKI_WIDLOWE_WW_ID, RODZAJE_PRACOWNIKOW_RP_ID) VALUES (1, 13);
INSERT INTO WW_RP (WOZKI_WIDLOWE_WW_ID, RODZAJE_PRACOWNIKOW_RP_ID) VALUES (2, 15);
INSERT INTO WW_RP (WOZKI_WIDLOWE_WW_ID, RODZAJE_PRACOWNIKOW_RP_ID) VALUES (3, 17);
COMMIT;